type,start,end,pre,post,pre_val,post_val,hours
binary_switch,2013-02-06 14:00:00+01:00,2013-02-06 14:00:00+01:00,2013-02-06 13:45:00+01:00,2013-02-06 14:15:00+01:00,0.0,6.6,
binary_switch,2014-01-21 10:01:00+01:00,2014-01-28 11:00:00+01:00,2014-01-21 09:46:00+01:00,2014-01-28 11:15:00+01:00,7.05,0.0,
binary_switch,2014-01-28 11:15:00+01:00,2014-01-28 11:15:00+01:00,2014-01-28 11:00:00+01:00,2014-01-28 11:30:00+01:00,0.0,7.06,
binary_switch,2014-01-30 05:15:00+01:00,2014-01-30 08:30:00+01:00,2014-01-30 05:00:00+01:00,2014-01-30 08:45:00+01:00,7.04,0.0,
binary_switch,2014-01-30 08:45:00+01:00,2014-01-30 08:45:00+01:00,2014-01-30 08:30:00+01:00,2014-01-30 09:00:00+01:00,0.0,6.92,
binary_switch,2014-02-11 11:31:00+01:00,2014-02-11 11:46:00+01:00,2014-02-11 11:16:00+01:00,2014-02-11 12:01:00+01:00,7.15,0.0,
binary_switch,2014-02-11 12:01:00+01:00,2014-02-11 12:01:00+01:00,2014-02-11 11:46:00+01:00,2014-02-11 12:16:00+01:00,0.0,7.14,
binary_switch,2014-03-24 15:15:00+01:00,2014-03-27 09:45:00+01:00,2014-03-24 15:00:00+01:00,2014-03-27 10:00:00+01:00,7.13,0.0,
binary_switch,2014-03-27 10:00:00+01:00,2014-03-27 10:00:00+01:00,2014-03-27 09:45:00+01:00,2014-03-27 10:15:00+01:00,0.0,6.89,
binary_switch,2014-11-10 23:30:00+01:00,2014-11-17 14:15:00+01:00,2014-11-10 23:15:00+01:00,2014-11-17 14:30:00+01:00,6.71,0.0,
binary_switch,2014-11-17 14:30:00+01:00,2014-11-17 14:30:00+01:00,2014-11-17 14:15:00+01:00,2014-11-17 14:45:00+01:00,0.0,6.82,
binary_switch,2015-01-05 14:45:00+01:00,2015-01-21 13:30:00+01:00,2015-01-05 14:30:00+01:00,2015-01-21 13:45:00+01:00,6.56,0.0,
binary_switch,2015-01-21 13:45:00+01:00,2015-01-21 13:45:00+01:00,2015-01-21 13:30:00+01:00,2015-01-21 14:00:00+01:00,0.0,6.64,
binary_switch,2015-01-26 01:00:00+01:00,2015-01-26 13:45:00+01:00,2015-01-26 00:45:00+01:00,2015-01-26 14:00:00+01:00,6.58,0.0,
binary_switch,2015-01-26 14:00:00+01:00,2015-01-26 14:00:00+01:00,2015-01-26 13:45:00+01:00,2015-01-26 14:15:00+01:00,0.0,6.58,
binary_switch,2015-01-30 18:00:00+01:00,2015-02-02 16:00:00+01:00,2015-01-30 17:45:00+01:00,2015-02-02 16:15:00+01:00,6.56,0.0,
binary_switch,2015-02-02 16:15:00+01:00,2015-02-02 16:15:00+01:00,2015-02-02 16:00:00+01:00,2015-02-02 16:30:00+01:00,0.0,6.49,
binary_switch,2015-11-19 20:30:00+01:00,2015-11-21 01:00:00+01:00,2015-11-19 20:15:00+01:00,2015-11-21 01:15:00+01:00,6.87,0.0,
binary_switch,2015-11-23 14:15:00+01:00,2015-11-23 14:15:00+01:00,2015-11-23 14:00:00+01:00,2015-11-23 14:31:00+01:00,0.0,6.98,
binary_switch,2015-11-24 20:46:00+01:00,2015-11-30 14:01:00+01:00,2015-11-24 20:31:00+01:00,2015-11-30 14:16:00+01:00,7.18,0.0,
binary_switch,2015-11-30 14:46:00+01:00,2015-12-04 11:00:00+01:00,2015-11-30 14:31:00+01:00,2015-12-04 11:15:00+01:00,6.74,0.0,
binary_switch,2015-12-04 11:15:00+01:00,2015-12-04 11:15:00+01:00,2015-12-04 11:00:00+01:00,2015-12-04 11:30:00+01:00,0.0,6.92,
binary_switch,2015-12-05 09:46:00+01:00,2015-12-07 14:16:00+01:00,2015-12-05 09:31:00+01:00,2015-12-07 14:31:00+01:00,7.01,0.0,
binary_switch,2015-12-07 14:31:00+01:00,2015-12-07 14:31:00+01:00,2015-12-07 14:16:00+01:00,2015-12-07 14:46:00+01:00,0.0,6.99,
binary_switch,2016-02-01 14:15:00+01:00,2016-02-01 14:15:00+01:00,2016-02-01 14:00:00+01:00,2016-02-01 14:30:00+01:00,6.63,0.0,
binary_switch,2016-02-01 14:30:00+01:00,2016-02-01 14:30:00+01:00,2016-02-01 14:15:00+01:00,2016-02-01 14:46:00+01:00,0.0,6.75,
binary_switch,2016-02-29 14:30:00+01:00,2016-02-29 14:45:00+01:00,2016-02-29 14:16:00+01:00,2016-02-29 15:00:00+01:00,6.78,0.0,
binary_switch,2016-02-29 15:00:00+01:00,2016-02-29 15:00:00+01:00,2016-02-29 14:45:00+01:00,2016-02-29 15:15:00+01:00,0.0,6.52,
binary_switch,2016-12-04 20:46:00+01:00,2016-12-12 14:46:00+01:00,2016-12-04 20:31:00+01:00,2016-12-12 15:01:00+01:00,7.01,0.0,
binary_switch,2016-12-12 15:01:00+01:00,2016-12-12 15:01:00+01:00,2016-12-12 14:46:00+01:00,2016-12-12 15:16:00+01:00,0.0,6.77,
binary_switch,2016-12-13 10:15:00+01:00,2016-12-19 14:00:00+01:00,2016-12-13 10:00:00+01:00,2016-12-19 14:15:00+01:00,7.03,0.0,
binary_switch,2016-12-19 14:15:00+01:00,2016-12-19 14:15:00+01:00,2016-12-19 14:00:00+01:00,2016-12-19 14:30:00+01:00,0.0,6.57,
binary_switch,2016-12-29 22:30:00+01:00,2017-01-02 14:30:00+01:00,2016-12-29 22:15:00+01:00,2017-01-02 14:45:00+01:00,6.97,0.0,
binary_switch,2017-01-02 14:45:00+01:00,2017-01-02 14:45:00+01:00,2017-01-02 14:30:00+01:00,2017-01-02 15:00:00+01:00,0.0,6.6,
binary_switch,2017-01-06 00:15:00+01:00,2017-01-09 14:30:00+01:00,2017-01-06 00:00:00+01:00,2017-01-09 14:45:00+01:00,6.93,0.0,
binary_switch,2017-01-09 14:45:00+01:00,2017-01-09 14:45:00+01:00,2017-01-09 14:30:00+01:00,2017-01-09 15:00:00+01:00,0.0,6.88,
binary_switch,2017-02-20 14:00:00+01:00,2017-02-28 15:15:00+01:00,2017-02-20 13:45:00+01:00,2017-02-28 15:30:00+01:00,7.08,0.0,
binary_switch,2017-02-28 15:30:00+01:00,2017-02-28 15:30:00+01:00,2017-02-28 15:15:00+01:00,2017-02-28 15:45:00+01:00,0.0,6.07,
binary_switch,2017-03-13 15:00:00+01:00,2017-03-20 14:30:00+01:00,2017-03-13 14:45:00+01:00,2017-03-20 14:45:00+01:00,6.8,0.0,
binary_switch,2017-03-20 14:45:00+01:00,2017-03-20 14:45:00+01:00,2017-03-20 14:30:00+01:00,2017-03-20 15:00:00+01:00,0.0,6.73,
binary_switch,2017-11-06 15:46:00+01:00,2017-11-20 15:16:00+01:00,2017-11-06 15:31:00+01:00,2017-11-20 15:31:00+01:00,6.66,0.0,
binary_switch,2017-11-20 15:31:00+01:00,2017-11-20 15:31:00+01:00,2017-11-20 15:16:00+01:00,2017-11-20 15:46:00+01:00,0.0,6.84,
binary_switch,2017-11-24 10:46:00+01:00,2017-11-27 13:46:00+01:00,2017-11-24 10:31:00+01:00,2017-11-27 14:01:00+01:00,6.87,0.0,
binary_switch,2017-11-27 14:01:00+01:00,2017-11-27 14:01:00+01:00,2017-11-27 13:46:00+01:00,2017-11-27 14:16:00+01:00,0.0,6.92,
binary_switch,2018-01-08 14:00:00+01:00,2018-01-08 14:00:00+01:00,2018-01-08 13:45:00+01:00,2018-01-08 14:15:00+01:00,6.59,0.0,
binary_switch,2018-01-08 14:15:00+01:00,2018-01-08 14:15:00+01:00,2018-01-08 14:00:00+01:00,2018-01-08 14:30:00+01:00,0.0,6.62,
binary_switch,2019-01-14 14:45:00+01:00,2019-01-14 14:45:00+01:00,2019-01-14 14:30:00+01:00,2019-01-14 15:00:00+01:00,6.32,0.0,
binary_switch,2019-01-14 15:00:00+01:00,2019-01-14 15:00:00+01:00,2019-01-14 14:45:00+01:00,2019-01-14 15:15:00+01:00,0.0,6.32,
binary_switch,2019-03-17 10:30:00+01:00,2019-03-18 15:00:00+01:00,2019-03-17 09:30:00+01:00,2019-03-18 15:15:00+01:00,6.53,0.0,
binary_switch,2019-03-18 15:15:00+01:00,2019-03-18 15:15:00+01:00,2019-03-18 15:00:00+01:00,2019-03-18 15:30:00+01:00,0.0,6.62,
flat_values,2013-01-17 14:00:00+01:00,2013-02-06 14:00:00+01:00,,,,,480.0
flat_values,2013-11-09 07:15:00+01:00,2013-11-09 09:30:00+01:00,,,,,2.25
flat_values,2013-11-09 15:00:00+01:00,2013-11-09 17:30:00+01:00,,,,,2.5
flat_values,2013-11-09 22:30:00+01:00,2013-11-10 00:45:00+01:00,,,,,2.25
flat_values,2013-11-10 14:15:00+01:00,2013-11-10 19:30:00+01:00,,,,,5.25
flat_values,2013-11-10 20:45:00+01:00,2013-11-11 00:15:00+01:00,,,,,3.5
flat_values,2013-11-11 05:45:00+01:00,2013-11-11 07:45:00+01:00,,,,,2.0
flat_values,2013-11-15 22:30:00+01:00,2013-11-16 01:00:00+01:00,,,,,2.5
flat_values,2013-11-16 01:30:00+01:00,2013-11-16 04:30:00+01:00,,,,,3.0
flat_values,2013-11-19 03:00:00+01:00,2013-11-19 06:15:00+01:00,,,,,3.25
flat_values,2013-11-25 01:45:00+01:00,2013-11-25 04:00:00+01:00,,,,,2.25
flat_values,2013-11-27 04:00:00+01:00,2013-11-27 06:00:00+01:00,,,,,2.0
flat_values,2013-11-28 15:00:00+01:00,2013-11-28 17:30:00+01:00,,,,,2.5
flat_values,2013-11-29 01:15:00+01:00,2013-11-29 03:30:00+01:00,,,,,2.25
flat_values,2013-11-30 21:00:00+01:00,2013-11-30 23:00:00+01:00,,,,,2.0
flat_values,2013-12-01 01:45:00+01:00,2013-12-01 03:45:00+01:00,,,,,2.0
flat_values,2013-12-01 05:30:00+01:00,2013-12-01 08:15:00+01:00,,,,,2.75
flat_values,2013-12-02 01:30:00+01:00,2013-12-02 07:30:00+01:00,,,,,6.0
flat_values,2013-12-02 23:45:00+01:00,2013-12-03 01:45:00+01:00,,,,,2.0
flat_values,2013-12-03 04:45:00+01:00,2013-12-03 07:15:00+01:00,,,,,2.5
flat_values,2013-12-03 18:15:00+01:00,2013-12-03 20:46:00+01:00,,,,,2.5166666666666666
flat_values,2013-12-04 17:00:00+01:00,2013-12-04 19:00:00+01:00,,,,,2.0
flat_values,2013-12-05 16:00:00+01:00,2013-12-05 18:01:00+01:00,,,,,2.0166666666666666
flat_values,2013-12-06 03:00:00+01:00,2013-12-06 08:46:00+01:00,,,,,5.766666666666667
flat_values,2013-12-06 13:00:00+01:00,2013-12-06 15:30:00+01:00,,,,,2.5
flat_values,2013-12-06 17:15:00+01:00,2013-12-07 05:15:00+01:00,,,,,12.0
flat_values,2013-12-07 19:15:00+01:00,2013-12-07 21:46:00+01:00,,,,,2.5166666666666666
flat_values,2013-12-08 12:30:00+01:00,2013-12-08 15:15:00+01:00,,,,,2.75
flat_values,2013-12-08 18:30:00+01:00,2013-12-09 03:00:00+01:00,,,,,8.5
flat_values,2013-12-18 01:31:00+01:00,2013-12-18 03:31:00+01:00,,,,,2.0
flat_values,2014-01-07 22:15:00+01:00,2014-01-08 00:15:00+01:00,,,,,2.0
flat_values,2014-01-13 07:46:00+01:00,2014-01-13 09:46:00+01:00,,,,,2.0
flat_values,2014-01-21 10:16:00+01:00,2014-01-28 11:15:00+01:00,,,,,168.98333333333332
flat_values,2014-01-29 23:00:00+01:00,2014-01-30 01:15:00+01:00,,,,,2.25
flat_values,2014-01-30 05:30:00+01:00,2014-01-30 08:45:00+01:00,,,,,3.25
flat_values,2014-01-31 13:45:00+01:00,2014-01-31 15:46:00+01:00,,,,,2.0166666666666666
flat_values,2014-01-31 22:31:00+01:00,2014-02-01 00:45:00+01:00,,,,,2.2333333333333334
flat_values,2014-02-01 06:00:00+01:00,2014-02-01 08:01:00+01:00,,,,,2.0166666666666666
flat_values,2014-02-01 20:16:00+01:00,2014-02-01 23:46:00+01:00,,,,,3.5
flat_values,2014-02-02 01:46:00+01:00,2014-02-02 03:46:00+01:00,,,,,2.0
flat_values,2014-02-10 23:01:00+01:00,2014-02-11 01:16:00+01:00,,,,,2.25
flat_values,2014-02-21 05:15:00+01:00,2014-02-21 07:30:00+01:00,,,,,2.25
flat_values,2014-02-22 00:00:00+01:00,2014-02-22 03:00:00+01:00,,,,,3.0
flat_values,2014-03-06 21:31:00+01:00,2014-03-06 23:46:00+01:00,,,,,2.25
flat_values,2014-03-13 22:45:00+01:00,2014-03-14 00:45:00+01:00,,,,,2.0
flat_values,2014-03-20 14:15:00+01:00,2014-03-20 16:30:00+01:00,,,,,2.25
flat_values,2014-03-24 01:15:00+01:00,2014-03-24 03:45:00+01:00,,,,,2.5
flat_values,2014-03-24 15:30:00+01:00,2014-03-27 10:00:00+01:00,,,,,66.5
flat_values,2014-03-27 21:00:00+01:00,2014-03-27 23:15:00+01:00,,,,,2.25
flat_values,2014-03-28 22:30:00+01:00,2014-03-29 00:30:00+01:00,,,,,2.0
flat_values,2014-10-30 14:00:00+01:00,2014-10-30 16:15:00+01:00,,,,,2.25
flat_values,2014-11-03 15:30:00+01:00,2014-11-03 17:45:00+01:00,,,,,2.25
flat_values,2014-11-10 23:45:00+01:00,2014-11-17 14:30:00+01:00,,,,,158.75
flat_values,2014-11-18 04:30:00+01:00,2014-11-18 07:30:00+01:00,,,,,3.0
flat_values,2014-11-18 23:15:00+01:00,2014-11-19 01:30:00+01:00,,,,,2.25
flat_values,2014-12-10 02:00:00+01:00,2014-12-10 04:30:00+01:00,,,,,2.5
flat_values,2014-12-17 16:45:00+01:00,2014-12-17 18:45:00+01:00,,,,,2.0
flat_values,2014-12-20 20:00:00+01:00,2014-12-20 22:00:00+01:00,,,,,2.0
flat_values,2015-01-03 17:30:00+01:00,2015-01-03 19:45:00+01:00,,,,,2.25
flat_values,2015-01-05 15:00:00+01:00,2015-01-21 13:45:00+01:00,,,,,382.75
flat_values,2015-01-26 01:15:00+01:00,2015-01-26 14:00:00+01:00,,,,,12.75
flat_values,2015-01-30 18:15:00+01:00,2015-02-02 16:15:00+01:00,,,,,70.0
flat_values,2015-02-24 01:45:00+01:00,2015-02-24 07:45:00+01:00,,,,,6.0
flat_values,2015-02-25 23:30:00+01:00,2015-02-26 02:30:00+01:00,,,,,3.0
flat_values,2015-02-27 04:15:00+01:00,2015-02-27 06:15:00+01:00,,,,,2.0
flat_values,2015-02-28 22:15:00+01:00,2015-03-01 01:31:00+01:00,,,,,3.2666666666666666
flat_values,2015-03-02 21:00:00+01:00,2015-03-02 23:45:00+01:00,,,,,2.75
flat_values,2015-03-03 00:30:00+01:00,2015-03-03 03:00:00+01:00,,,,,2.5
flat_values,2015-03-03 12:15:00+01:00,2015-03-03 15:30:00+01:00,,,,,3.25
flat_values,2015-03-03 19:45:00+01:00,2015-03-03 23:00:00+01:00,,,,,3.25
flat_values,2015-03-03 23:30:00+01:00,2015-03-04 01:45:00+01:00,,,,,2.25
flat_values,2015-03-04 04:15:00+01:00,2015-03-04 06:45:00+01:00,,,,,2.5
flat_values,2015-03-04 12:00:00+01:00,2015-03-04 14:45:00+01:00,,,,,2.75
flat_values,2015-03-05 16:45:00+01:00,2015-03-05 18:45:00+01:00,,,,,2.0
flat_values,2015-03-12 00:00:00+01:00,2015-03-12 03:00:00+01:00,,,,,3.0
flat_values,2015-03-12 04:00:00+01:00,2015-03-12 07:15:00+01:00,,,,,3.25
flat_values,2015-03-12 23:45:00+01:00,2015-03-13 02:00:00+01:00,,,,,2.25
flat_values,2015-03-14 03:30:00+01:00,2015-03-14 07:00:00+01:00,,,,,3.5
flat_values,2015-03-15 00:45:00+01:00,2015-03-15 03:15:00+01:00,,,,,2.5
flat_values,2015-03-16 00:15:00+01:00,2015-03-16 02:30:00+01:00,,,,,2.25
flat_values,2015-03-16 20:30:00+01:00,2015-03-16 22:30:00+01:00,,,,,2.0
flat_values,2015-03-17 03:00:00+01:00,2015-03-17 05:15:00+01:00,,,,,2.25
flat_values,2015-03-18 01:00:00+01:00,2015-03-18 03:00:00+01:00,,,,,2.0
flat_values,2015-03-19 01:30:00+01:00,2015-03-19 07:15:00+01:00,,,,,5.75
flat_values,2015-03-20 03:45:00+01:00,2015-03-20 07:30:00+01:00,,,,,3.75
flat_values,2015-03-24 03:45:00+01:00,2015-03-24 06:30:00+01:00,,,,,2.75
flat_values,2015-03-26 01:00:00+01:00,2015-03-26 03:45:00+01:00,,,,,2.75
flat_values,2015-03-28 01:45:00+01:00,2015-03-28 04:15:00+01:00,,,,,2.5
flat_values,2015-03-28 23:30:00+01:00,2015-03-29 01:45:00+01:00,,,,,2.25
flat_values,2015-03-29 01:45:00+01:00,2015-10-25 02:30:00+01:00,,,,,5040.75
flat_values,2015-11-19 20:45:00+01:00,2015-11-21 01:15:00+01:00,,,,,28.5
flat_values,2015-11-21 01:15:00+01:00,2015-11-21 07:30:00+01:00,,,,,6.25
flat_values,2015-11-21 08:00:00+01:00,2015-11-23 14:15:00+01:00,,,,,54.25
flat_values,2015-11-24 21:01:00+01:00,2015-11-30 14:16:00+01:00,,,,,137.25
flat_values,2015-11-30 15:01:00+01:00,2015-12-04 11:15:00+01:00,,,,,92.23333333333333
flat_values,2015-12-05 10:01:00+01:00,2015-12-07 14:31:00+01:00,,,,,52.5
flat_values,2015-12-09 22:16:00+01:00,2015-12-10 00:31:00+01:00,,,,,2.25
flat_values,2015-12-10 18:16:00+01:00,2015-12-10 22:16:00+01:00,,,,,4.0
flat_values,2015-12-10 23:46:00+01:00,2015-12-11 02:16:00+01:00,,,,,2.5
flat_values,2015-12-11 06:31:00+01:00,2015-12-11 09:16:00+01:00,,,,,2.75
flat_values,2015-12-11 12:16:00+01:00,2015-12-11 15:01:00+01:00,,,,,2.75
flat_values,2015-12-12 16:16:00+01:00,2015-12-12 20:46:00+01:00,,,,,4.5
flat_values,2015-12-13 01:01:00+01:00,2015-12-13 03:31:00+01:00,,,,,2.5
flat_values,2015-12-13 04:01:00+01:00,2015-12-13 06:01:00+01:00,,,,,2.0
flat_values,2015-12-13 11:16:00+01:00,2015-12-13 15:01:00+01:00,,,,,3.75
flat_values,2015-12-13 20:31:00+01:00,2015-12-13 22:31:00+01:00,,,,,2.0
flat_values,2015-12-15 02:15:00+01:00,2015-12-15 05:45:00+01:00,,,,,3.5
flat_values,2015-12-15 20:30:00+01:00,2015-12-15 22:45:00+01:00,,,,,2.25
flat_values,2015-12-16 05:45:00+01:00,2015-12-16 09:15:00+01:00,,,,,3.5
flat_values,2015-12-16 22:15:00+01:00,2015-12-17 01:30:00+01:00,,,,,3.25
flat_values,2015-12-17 02:45:00+01:00,2015-12-17 05:15:00+01:00,,,,,2.5
flat_values,2015-12-17 06:30:00+01:00,2015-12-17 09:00:00+01:00,,,,,2.5
flat_values,2015-12-18 00:15:00+01:00,2015-12-18 03:45:00+01:00,,,,,3.5
flat_values,2015-12-18 12:30:00+01:00,2015-12-18 14:45:00+01:00,,,,,2.25
flat_values,2015-12-18 23:15:00+01:00,2015-12-19 01:15:00+01:00,,,,,2.0
flat_values,2015-12-19 04:45:00+01:00,2015-12-19 08:00:00+01:00,,,,,3.25
flat_values,2015-12-20 05:30:00+01:00,2015-12-20 07:30:00+01:00,,,,,2.0
flat_values,2015-12-20 11:00:00+01:00,2015-12-20 13:15:00+01:00,,,,,2.25
flat_values,2015-12-20 22:00:00+01:00,2015-12-21 00:45:00+01:00,,,,,2.75
flat_values,2015-12-22 00:15:00+01:00,2015-12-22 02:15:00+01:00,,,,,2.0
flat_values,2015-12-24 21:15:00+01:00,2015-12-24 23:30:00+01:00,,,,,2.25
flat_values,2015-12-31 00:45:00+01:00,2015-12-31 03:00:00+01:00,,,,,2.25
flat_values,2016-02-02 03:01:00+01:00,2016-02-02 07:16:00+01:00,,,,,4.25
flat_values,2016-02-02 22:01:00+01:00,2016-02-03 01:01:00+01:00,,,,,3.0
flat_values,2016-02-03 17:46:00+01:00,2016-02-03 20:01:00+01:00,,,,,2.25
flat_values,2016-02-03 20:31:00+01:00,2016-02-03 23:31:00+01:00,,,,,3.0
flat_values,2016-02-04 02:31:00+01:00,2016-02-04 05:46:00+01:00,,,,,3.25
flat_values,2016-02-04 21:01:00+01:00,2016-02-05 00:31:00+01:00,,,,,3.5
flat_values,2016-02-05 23:46:00+01:00,2016-02-06 02:46:00+01:00,,,,,3.0
flat_values,2016-02-06 03:16:00+01:00,2016-02-06 05:16:00+01:00,,,,,2.0
flat_values,2016-02-07 05:16:00+01:00,2016-02-07 07:31:00+01:00,,,,,2.25
flat_values,2016-02-07 12:16:00+01:00,2016-02-07 16:01:00+01:00,,,,,3.75
flat_values,2016-02-07 20:31:00+01:00,2016-02-08 02:01:00+01:00,,,,,5.5
flat_values,2016-02-08 04:01:00+01:00,2016-02-08 06:31:00+01:00,,,,,2.5
flat_values,2016-02-08 22:16:00+01:00,2016-02-09 08:31:00+01:00,,,,,10.25
flat_values,2016-02-09 22:31:00+01:00,2016-02-10 01:01:00+01:00,,,,,2.5
flat_values,2016-02-10 02:16:00+01:00,2016-02-10 05:16:00+01:00,,,,,3.0
flat_values,2016-02-10 06:31:00+01:00,2016-02-10 09:46:00+01:00,,,,,3.25
flat_values,2016-02-10 10:16:00+01:00,2016-02-10 12:46:00+01:00,,,,,2.5
flat_values,2016-02-10 23:46:00+01:00,2016-02-11 01:46:00+01:00,,,,,2.0
flat_values,2016-02-11 02:31:00+01:00,2016-02-11 08:31:00+01:00,,,,,6.0
flat_values,2016-02-11 13:01:00+01:00,2016-02-11 15:01:00+01:00,,,,,2.0
flat_values,2016-02-12 02:46:00+01:00,2016-02-12 06:31:00+01:00,,,,,3.75
flat_values,2016-02-12 21:01:00+01:00,2016-02-12 23:01:00+01:00,,,,,2.0
flat_values,2016-02-13 00:16:00+01:00,2016-02-13 03:31:00+01:00,,,,,3.25
flat_values,2016-02-13 20:31:00+01:00,2016-02-14 00:01:00+01:00,,,,,3.5
flat_values,2016-02-14 00:46:00+01:00,2016-02-14 05:01:00+01:00,,,,,4.25
flat_values,2016-02-14 06:01:00+01:00,2016-02-14 08:31:00+01:00,,,,,2.5
flat_values,2016-02-14 11:16:00+01:00,2016-02-14 14:16:00+01:00,,,,,3.0
flat_values,2016-02-15 19:16:00+01:00,2016-02-15 22:46:00+01:00,,,,,3.5
flat_values,2016-02-16 05:01:00+01:00,2016-02-16 08:31:00+01:00,,,,,3.5
flat_values,2016-02-16 13:01:00+01:00,2016-02-16 15:01:00+01:00,,,,,2.0
flat_values,2016-02-17 20:31:00+01:00,2016-02-18 01:01:00+01:00,,,,,4.5
flat_values,2016-02-18 02:46:00+01:00,2016-02-18 06:46:00+01:00,,,,,4.0
flat_values,2016-02-18 20:31:00+01:00,2016-02-18 23:01:00+01:00,,,,,2.5
flat_values,2016-02-19 00:31:00+01:00,2016-02-19 07:01:00+01:00,,,,,6.5
flat_values,2016-02-20 02:01:00+01:00,2016-02-20 04:46:00+01:00,,,,,2.75
flat_values,2016-02-21 03:16:00+01:00,2016-02-21 05:16:00+01:00,,,,,2.0
flat_values,2016-02-21 23:16:00+01:00,2016-02-22 02:16:00+01:00,,,,,3.0
flat_values,2016-02-22 03:16:00+01:00,2016-02-22 08:46:00+01:00,,,,,5.5
flat_values,2016-02-22 12:01:00+01:00,2016-02-22 14:16:00+01:00,,,,,2.25
flat_values,2016-02-23 01:46:00+01:00,2016-02-23 04:16:00+01:00,,,,,2.5
flat_values,2016-02-23 09:31:00+01:00,2016-02-23 11:31:00+01:00,,,,,2.0
flat_values,2016-02-23 22:46:00+01:00,2016-02-24 00:46:00+01:00,,,,,2.0
flat_values,2016-02-24 03:31:00+01:00,2016-02-24 08:01:00+01:00,,,,,4.5
flat_values,2016-02-24 08:01:00+01:00,2016-02-24 10:01:00+01:00,,,,,2.0
flat_values,2016-02-24 20:01:00+01:00,2016-02-24 23:46:00+01:00,,,,,3.75
flat_values,2016-02-25 03:31:00+01:00,2016-02-25 08:16:00+01:00,,,,,4.75
flat_values,2016-02-25 19:46:00+01:00,2016-02-26 01:31:00+01:00,,,,,5.75
flat_values,2016-02-26 03:16:00+01:00,2016-02-26 07:01:00+01:00,,,,,3.75
flat_values,2016-02-26 19:16:00+01:00,2016-02-26 22:16:00+01:00,,,,,3.0
flat_values,2016-02-27 13:16:00+01:00,2016-02-27 15:46:00+01:00,,,,,2.5
flat_values,2016-02-27 20:31:00+01:00,2016-02-27 22:46:00+01:00,,,,,2.25
flat_values,2016-02-28 03:46:00+01:00,2016-02-28 08:01:00+01:00,,,,,4.25
flat_values,2016-03-16 09:15:00+01:00,2016-03-16 11:30:00+01:00,,,,,2.25
flat_values,2016-11-01 21:30:00+01:00,2016-11-02 01:15:00+01:00,,,,,3.75
flat_values,2016-11-04 01:45:00+01:00,2016-11-04 04:00:00+01:00,,,,,2.25
flat_values,2016-11-14 00:45:00+01:00,2016-11-14 03:30:00+01:00,,,,,2.75
flat_values,2016-11-14 16:46:00+01:00,2016-11-14 19:46:00+01:00,,,,,3.0
flat_values,2016-11-14 21:46:00+01:00,2016-11-15 06:16:00+01:00,,,,,8.5
flat_values,2016-11-15 23:46:00+01:00,2016-11-16 02:16:00+01:00,,,,,2.5
flat_values,2016-11-16 22:31:00+01:00,2016-11-17 02:31:00+01:00,,,,,4.0
flat_values,2016-11-18 14:01:00+01:00,2016-11-18 16:01:00+01:00,,,,,2.0
flat_values,2016-11-19 01:31:00+01:00,2016-11-19 04:01:00+01:00,,,,,2.5
flat_values,2016-11-19 04:31:00+01:00,2016-11-19 08:16:00+01:00,,,,,3.75
flat_values,2016-11-19 12:16:00+01:00,2016-11-19 15:16:00+01:00,,,,,3.0
flat_values,2016-11-19 19:46:00+01:00,2016-11-19 22:16:00+01:00,,,,,2.5
flat_values,2016-11-20 02:46:00+01:00,2016-11-20 05:31:00+01:00,,,,,2.75
flat_values,2016-11-20 07:01:00+01:00,2016-11-20 09:31:00+01:00,,,,,2.5
flat_values,2016-11-20 20:01:00+01:00,2016-11-20 22:31:00+01:00,,,,,2.5
flat_values,2016-11-22 02:01:00+01:00,2016-11-22 05:31:00+01:00,,,,,3.5
flat_values,2016-11-22 18:31:00+01:00,2016-11-22 23:16:00+01:00,,,,,4.75
flat_values,2016-11-23 08:31:00+01:00,2016-11-23 10:31:00+01:00,,,,,2.0
flat_values,2016-11-23 11:46:00+01:00,2016-11-23 14:46:00+01:00,,,,,3.0
flat_values,2016-11-23 17:31:00+01:00,2016-11-23 22:01:00+01:00,,,,,4.5
flat_values,2016-11-23 23:31:00+01:00,2016-11-24 02:01:00+01:00,,,,,2.5
flat_values,2016-11-24 05:01:00+01:00,2016-11-24 07:01:00+01:00,,,,,2.0
flat_values,2016-11-24 18:16:00+01:00,2016-11-24 22:16:00+01:00,,,,,4.0
flat_values,2016-11-25 01:16:00+01:00,2016-11-25 07:31:00+01:00,,,,,6.25
flat_values,2016-11-25 19:46:00+01:00,2016-11-26 00:46:00+01:00,,,,,5.0
flat_values,2016-11-26 18:31:00+01:00,2016-11-26 22:01:00+01:00,,,,,3.5
flat_values,2016-11-27 00:16:00+01:00,2016-11-27 03:31:00+01:00,,,,,3.25
flat_values,2016-11-27 06:16:00+01:00,2016-11-27 09:01:00+01:00,,,,,2.75
flat_values,2016-11-27 20:16:00+01:00,2016-11-27 23:16:00+01:00,,,,,3.0
flat_values,2016-11-28 20:46:00+01:00,2016-11-29 08:31:00+01:00,,,,,11.75
flat_values,2016-11-30 05:46:00+01:00,2016-11-30 08:46:00+01:00,,,,,3.0
flat_values,2016-11-30 11:16:00+01:00,2016-11-30 14:16:00+01:00,,,,,3.0
flat_values,2016-11-30 18:01:00+01:00,2016-11-30 23:46:00+01:00,,,,,5.75
flat_values,2016-12-01 01:46:00+01:00,2016-12-01 04:46:00+01:00,,,,,3.0
flat_values,2016-12-01 20:31:00+01:00,2016-12-02 01:31:00+01:00,,,,,5.0
flat_values,2016-12-02 21:46:00+01:00,2016-12-03 00:16:00+01:00,,,,,2.5
flat_values,2016-12-03 02:46:00+01:00,2016-12-03 05:01:00+01:00,,,,,2.25
flat_values,2016-12-03 17:46:00+01:00,2016-12-03 22:46:00+01:00,,,,,5.0
flat_values,2016-12-04 11:01:00+01:00,2016-12-04 13:31:00+01:00,,,,,2.5
flat_values,2016-12-04 21:01:00+01:00,2016-12-12 15:01:00+01:00,,,,,186.0
flat_values,2016-12-13 10:30:00+01:00,2016-12-19 14:15:00+01:00,,,,,147.75
flat_values,2016-12-29 22:45:00+01:00,2017-01-02 14:45:00+01:00,,,,,88.0
flat_values,2017-01-06 00:30:00+01:00,2017-01-09 14:45:00+01:00,,,,,86.25
flat_values,2017-01-16 23:15:00+01:00,2017-01-17 01:45:00+01:00,,,,,2.5
flat_values,2017-01-19 01:00:00+01:00,2017-01-19 03:31:00+01:00,,,,,2.5166666666666666
flat_values,2017-01-19 19:45:00+01:00,2017-01-19 21:46:00+01:00,,,,,2.0166666666666666
flat_values,2017-01-19 22:45:00+01:00,2017-01-20 05:15:00+01:00,,,,,6.5
flat_values,2017-01-20 20:31:00+01:00,2017-01-21 00:01:00+01:00,,,,,3.5
flat_values,2017-01-21 13:16:00+01:00,2017-01-21 15:31:00+01:00,,,,,2.25
flat_values,2017-01-23 13:30:00+01:00,2017-01-23 16:16:00+01:00,,,,,2.7666666666666666
flat_values,2017-01-24 03:30:00+01:00,2017-01-24 05:46:00+01:00,,,,,2.2666666666666666
flat_values,2017-01-25 04:45:00+01:00,2017-01-25 07:15:00+01:00,,,,,2.5
flat_values,2017-01-25 18:15:00+01:00,2017-01-25 21:15:00+01:00,,,,,3.0
flat_values,2017-01-25 23:45:00+01:00,2017-01-26 03:16:00+01:00,,,,,3.5166666666666666
flat_values,2017-01-26 10:31:00+01:00,2017-01-26 13:00:00+01:00,,,,,2.4833333333333334
flat_values,2017-01-27 01:00:00+01:00,2017-01-27 04:00:00+01:00,,,,,3.0
flat_values,2017-01-27 12:00:00+01:00,2017-01-27 14:00:00+01:00,,,,,2.0
flat_values,2017-01-28 03:30:00+01:00,2017-01-28 05:45:00+01:00,,,,,2.25
flat_values,2017-01-30 23:00:00+01:00,2017-01-31 01:00:00+01:00,,,,,2.0
flat_values,2017-01-31 04:30:00+01:00,2017-01-31 07:00:00+01:00,,,,,2.5
flat_values,2017-01-31 11:45:00+01:00,2017-01-31 14:30:00+01:00,,,,,2.75
flat_values,2017-01-31 19:30:00+01:00,2017-01-31 23:15:00+01:00,,,,,3.75
flat_values,2017-02-01 03:30:00+01:00,2017-02-01 06:15:00+01:00,,,,,2.75
flat_values,2017-02-02 10:30:00+01:00,2017-02-02 13:00:00+01:00,,,,,2.5
flat_values,2017-02-05 06:45:00+01:00,2017-02-05 09:30:00+01:00,,,,,2.75
flat_values,2017-02-09 02:00:00+01:00,2017-02-09 04:45:00+01:00,,,,,2.75
flat_values,2017-02-09 05:30:00+01:00,2017-02-09 08:15:00+01:00,,,,,2.75
flat_values,2017-02-10 02:00:00+01:00,2017-02-10 04:15:00+01:00,,,,,2.25
flat_values,2017-02-10 05:00:00+01:00,2017-02-10 07:30:00+01:00,,,,,2.5
flat_values,2017-02-10 12:45:00+01:00,2017-02-10 15:30:00+01:00,,,,,2.75
flat_values,2017-02-10 18:45:00+01:00,2017-02-10 21:01:00+01:00,,,,,2.2666666666666666
flat_values,2017-02-13 04:15:00+01:00,2017-02-13 06:30:00+01:00,,,,,2.25
flat_values,2017-02-13 23:45:00+01:00,2017-02-14 02:15:00+01:00,,,,,2.5
flat_values,2017-02-14 23:15:00+01:00,2017-02-15 01:45:00+01:00,,,,,2.5
flat_values,2017-02-16 01:30:00+01:00,2017-02-16 04:30:00+01:00,,,,,3.0
flat_values,2017-02-16 21:45:00+01:00,2017-02-17 00:15:00+01:00,,,,,2.5
flat_values,2017-02-17 04:00:00+01:00,2017-02-17 06:00:00+01:00,,,,,2.0
flat_values,2017-02-18 05:15:00+01:00,2017-02-18 07:45:00+01:00,,,,,2.5
flat_values,2017-02-18 20:15:00+01:00,2017-02-18 22:15:00+01:00,,,,,2.0
flat_values,2017-02-19 02:00:00+01:00,2017-02-19 04:15:00+01:00,,,,,2.25
flat_values,2017-02-19 23:45:00+01:00,2017-02-20 01:45:00+01:00,,,,,2.0
flat_values,2017-02-20 04:15:00+01:00,2017-02-20 07:45:00+01:00,,,,,3.5
flat_values,2017-02-20 14:15:00+01:00,2017-02-28 15:30:00+01:00,,,,,193.25
flat_values,2017-03-04 01:30:00+01:00,2017-03-04 03:30:00+01:00,,,,,2.0
flat_values,2017-03-05 23:15:00+01:00,2017-03-06 02:45:00+01:00,,,,,3.5
flat_values,2017-03-10 23:15:00+01:00,2017-03-11 01:45:00+01:00,,,,,2.5
flat_values,2017-03-13 15:15:00+01:00,2017-03-20 14:45:00+01:00,,,,,167.5
flat_values,2017-10-29 10:01:00+01:00,2017-10-29 12:01:00+01:00,,,,,2.0
flat_values,2017-10-29 13:46:00+01:00,2017-10-29 16:01:00+01:00,,,,,2.25
flat_values,2017-10-29 21:01:00+01:00,2017-10-29 23:16:00+01:00,,,,,2.25
flat_values,2017-10-29 23:46:00+01:00,2017-10-30 01:46:00+01:00,,,,,2.0
flat_values,2017-10-30 02:16:00+01:00,2017-10-30 05:01:00+01:00,,,,,2.75
flat_values,2017-10-30 05:31:00+01:00,2017-10-30 09:16:00+01:00,,,,,3.75
flat_values,2017-10-30 10:46:00+01:00,2017-10-30 12:46:00+01:00,,,,,2.0
flat_values,2017-10-30 21:31:00+01:00,2017-10-31 00:46:00+01:00,,,,,3.25
flat_values,2017-10-31 05:16:00+01:00,2017-10-31 08:46:00+01:00,,,,,3.5
flat_values,2017-10-31 22:16:00+01:00,2017-11-01 03:31:00+01:00,,,,,5.25
flat_values,2017-11-02 00:46:00+01:00,2017-11-02 02:46:00+01:00,,,,,2.0
flat_values,2017-11-03 07:46:00+01:00,2017-11-03 10:46:00+01:00,,,,,3.0
flat_values,2017-11-04 07:01:00+01:00,2017-11-04 10:16:00+01:00,,,,,3.25
flat_values,2017-11-04 21:31:00+01:00,2017-11-04 23:46:00+01:00,,,,,2.25
flat_values,2017-11-05 00:16:00+01:00,2017-11-05 03:16:00+01:00,,,,,3.0
flat_values,2017-11-05 03:46:00+01:00,2017-11-05 05:46:00+01:00,,,,,2.0
flat_values,2017-11-05 06:16:00+01:00,2017-11-05 09:01:00+01:00,,,,,2.75
flat_values,2017-11-05 12:46:00+01:00,2017-11-05 17:01:00+01:00,,,,,4.25
flat_values,2017-11-05 20:01:00+01:00,2017-11-05 23:46:00+01:00,,,,,3.75
flat_values,2017-11-06 00:16:00+01:00,2017-11-06 03:01:00+01:00,,,,,2.75
flat_values,2017-11-06 11:16:00+01:00,2017-11-06 15:01:00+01:00,,,,,3.75
flat_values,2017-11-06 16:01:00+01:00,2017-11-20 15:31:00+01:00,,,,,335.5
flat_values,2017-11-24 11:01:00+01:00,2017-11-27 14:01:00+01:00,,,,,75.0
flat_values,2018-02-12 06:00:00+01:00,2018-02-12 08:15:00+01:00,,,,,2.25
flat_values,2018-02-16 22:45:00+01:00,2018-02-17 05:00:00+01:00,,,,,6.25
flat_values,2018-02-18 08:15:00+01:00,2018-02-18 10:30:00+01:00,,,,,2.25
flat_values,2018-02-19 13:45:00+01:00,2018-02-19 15:45:00+01:00,,,,,2.0
flat_values,2018-02-19 19:45:00+01:00,2018-02-19 23:00:00+01:00,,,,,3.25
flat_values,2018-02-22 11:30:00+01:00,2018-02-22 13:45:00+01:00,,,,,2.25
flat_values,2018-02-25 02:30:00+01:00,2018-02-25 04:30:00+01:00,,,,,2.0
flat_values,2018-02-26 19:00:00+01:00,2018-02-26 21:45:00+01:00,,,,,2.75
flat_values,2018-03-02 20:00:00+01:00,2018-03-03 00:45:00+01:00,,,,,4.75
flat_values,2018-03-03 03:45:00+01:00,2018-03-03 05:45:00+01:00,,,,,2.0
flat_values,2018-03-03 08:30:00+01:00,2018-03-03 11:15:00+01:00,,,,,2.75
flat_values,2018-03-03 20:45:00+01:00,2018-03-03 23:15:00+01:00,,,,,2.5
flat_values,2018-03-05 12:30:00+01:00,2018-03-05 15:30:00+01:00,,,,,3.0
flat_values,2018-03-06 13:30:00+01:00,2018-03-06 15:30:00+01:00,,,,,2.0
flat_values,2018-03-06 23:15:00+01:00,2018-03-07 01:15:00+01:00,,,,,2.0
flat_values,2018-03-08 21:00:00+01:00,2018-03-08 23:00:00+01:00,,,,,2.0
flat_values,2018-03-09 02:00:00+01:00,2018-03-09 06:15:00+01:00,,,,,4.25
flat_values,2018-03-09 20:45:00+01:00,2018-03-09 22:45:00+01:00,,,,,2.0
flat_values,2018-03-10 21:45:00+01:00,2018-03-10 23:45:00+01:00,,,,,2.0
flat_values,2018-03-11 04:30:00+01:00,2018-03-11 06:45:00+01:00,,,,,2.25
flat_values,2018-03-11 20:00:00+01:00,2018-03-11 23:00:00+01:00,,,,,3.0
flat_values,2018-03-12 03:00:00+01:00,2018-03-12 05:15:00+01:00,,,,,2.25
flat_values,2018-03-13 19:30:00+01:00,2018-03-13 23:30:00+01:00,,,,,4.0
flat_values,2018-03-14 05:15:00+01:00,2018-03-14 07:45:00+01:00,,,,,2.5
flat_values,2018-03-15 00:15:00+01:00,2018-03-15 02:15:00+01:00,,,,,2.0
flat_values,2018-03-15 21:45:00+01:00,2018-03-16 03:15:00+01:00,,,,,5.5
flat_values,2018-03-16 23:45:00+01:00,2018-03-17 03:00:00+01:00,,,,,3.25
flat_values,2018-03-17 05:00:00+01:00,2018-03-17 07:45:00+01:00,,,,,2.75
flat_values,2018-03-17 12:00:00+01:00,2018-03-17 14:15:00+01:00,,,,,2.25
flat_values,2018-03-17 20:45:00+01:00,2018-03-17 23:00:00+01:00,,,,,2.25
flat_values,2018-03-17 23:45:00+01:00,2018-03-18 02:30:00+01:00,,,,,2.75
flat_values,2018-03-18 13:00:00+01:00,2018-03-18 15:45:00+01:00,,,,,2.75
flat_values,2018-03-18 19:30:00+01:00,2018-03-18 22:45:00+01:00,,,,,3.25
flat_values,2018-03-19 05:00:00+01:00,2018-03-19 07:00:00+01:00,,,,,2.0
flat_values,2018-03-19 13:00:00+01:00,2018-03-19 16:15:00+01:00,,,,,3.25
flat_values,2018-03-20 02:30:00+01:00,2018-03-20 06:00:00+01:00,,,,,3.5
flat_values,2018-03-21 22:30:00+01:00,2018-03-22 04:15:00+01:00,,,,,5.75
flat_values,2018-03-22 20:45:00+01:00,2018-03-22 23:45:00+01:00,,,,,3.0
flat_values,2018-03-23 00:30:00+01:00,2018-03-23 02:45:00+01:00,,,,,2.25
flat_values,2018-03-23 05:00:00+01:00,2018-03-23 07:00:00+01:00,,,,,2.0
flat_values,2018-03-23 10:45:00+01:00,2018-03-23 15:00:00+01:00,,,,,4.25
flat_values,2018-03-23 17:30:00+01:00,2018-03-23 20:00:00+01:00,,,,,2.5
flat_values,2018-03-23 21:45:00+01:00,2018-03-24 01:00:00+01:00,,,,,3.25
flat_values,2018-03-24 01:45:00+01:00,2018-03-24 04:15:00+01:00,,,,,2.5
flat_values,2018-03-24 22:45:00+01:00,2018-03-25 01:45:00+01:00,,,,,3.0
flat_values,2018-03-25 01:45:00+01:00,2018-10-28 02:00:00+01:00,,,,,5208.25
flat_values,2018-10-28 03:30:00+01:00,2018-10-28 07:45:00+01:00,,,,,4.25
flat_values,2018-10-28 12:45:00+01:00,2018-10-28 15:45:00+01:00,,,,,3.0
flat_values,2018-10-28 15:45:00+01:00,2018-10-28 17:45:00+01:00,,,,,2.0
flat_values,2018-10-28 19:45:00+01:00,2018-10-29 04:00:00+01:00,,,,,8.25
flat_values,2018-10-29 05:00:00+01:00,2018-10-29 07:30:00+01:00,,,,,2.5
flat_values,2018-10-29 13:00:00+01:00,2018-10-29 16:30:00+01:00,,,,,3.5
flat_values,2018-10-29 21:00:00+01:00,2018-10-30 00:30:00+01:00,,,,,3.5
flat_values,2018-10-30 10:15:00+01:00,2018-10-30 14:00:00+01:00,,,,,3.75
flat_values,2018-11-01 02:01:00+01:00,2018-11-01 04:01:00+01:00,,,,,2.0
flat_values,2018-11-02 04:01:00+01:00,2018-11-02 06:16:00+01:00,,,,,2.25
flat_values,2018-11-02 18:16:00+01:00,2018-11-02 20:31:00+01:00,,,,,2.25
flat_values,2018-11-03 03:31:00+01:00,2018-11-03 05:46:00+01:00,,,,,2.25
flat_values,2018-11-04 02:46:00+01:00,2018-11-04 05:16:00+01:00,,,,,2.5
flat_values,2018-11-05 22:31:00+01:00,2018-11-06 00:31:00+01:00,,,,,2.0
flat_values,2018-11-06 19:31:00+01:00,2018-11-07 00:01:00+01:00,,,,,4.5
flat_values,2018-11-07 01:16:00+01:00,2018-11-07 03:16:00+01:00,,,,,2.0
flat_values,2018-11-07 07:01:00+01:00,2018-11-07 09:01:00+01:00,,,,,2.0
flat_values,2018-11-11 00:01:00+01:00,2018-11-11 02:01:00+01:00,,,,,2.0
flat_values,2018-11-12 23:31:00+01:00,2018-11-13 02:01:00+01:00,,,,,2.5
flat_values,2018-11-13 18:31:00+01:00,2018-11-13 20:31:00+01:00,,,,,2.0
flat_values,2018-11-14 18:46:00+01:00,2018-11-15 00:46:00+01:00,,,,,6.0
flat_values,2018-11-15 04:31:00+01:00,2018-11-15 06:31:00+01:00,,,,,2.0
flat_values,2018-11-15 15:01:00+01:00,2018-11-15 17:01:00+01:00,,,,,2.0
flat_values,2018-11-17 18:46:00+01:00,2018-11-17 21:31:00+01:00,,,,,2.75
flat_values,2018-11-20 21:01:00+01:00,2018-11-20 23:16:00+01:00,,,,,2.25
flat_values,2018-11-24 02:01:00+01:00,2018-11-24 04:16:00+01:00,,,,,2.25
flat_values,2018-11-26 20:30:00+01:00,2018-11-26 22:30:00+01:00,,,,,2.0
flat_values,2018-11-27 00:00:00+01:00,2018-11-27 03:45:00+01:00,,,,,3.75
flat_values,2018-11-27 21:45:00+01:00,2018-11-28 00:45:00+01:00,,,,,3.0
flat_values,2018-11-29 00:15:00+01:00,2018-11-29 03:45:00+01:00,,,,,3.5
flat_values,2018-11-30 05:00:00+01:00,2018-11-30 07:15:00+01:00,,,,,2.25
flat_values,2018-11-30 20:00:00+01:00,2018-11-30 22:15:00+01:00,,,,,2.25
flat_values,2018-11-30 23:15:00+01:00,2018-12-01 02:00:00+01:00,,,,,2.75
flat_values,2018-12-01 20:15:00+01:00,2018-12-01 23:15:00+01:00,,,,,3.0
flat_values,2018-12-04 04:45:00+01:00,2018-12-04 07:15:00+01:00,,,,,2.5
flat_values,2018-12-05 04:00:00+01:00,2018-12-05 08:30:00+01:00,,,,,4.5
flat_values,2018-12-06 00:00:00+01:00,2018-12-06 05:00:00+01:00,,,,,5.0
flat_values,2018-12-07 04:30:00+01:00,2018-12-07 07:45:00+01:00,,,,,3.25
flat_values,2018-12-08 16:30:00+01:00,2018-12-08 19:45:00+01:00,,,,,3.25
flat_values,2018-12-09 05:30:00+01:00,2018-12-09 09:30:00+01:00,,,,,4.0
flat_values,2018-12-09 22:00:00+01:00,2018-12-10 00:45:00+01:00,,,,,2.75
flat_values,2018-12-10 02:45:00+01:00,2018-12-10 05:30:00+01:00,,,,,2.75
flat_values,2018-12-10 09:45:00+01:00,2018-12-10 11:45:00+01:00,,,,,2.0
flat_values,2018-12-10 12:15:00+01:00,2018-12-10 14:15:00+01:00,,,,,2.0
flat_values,2018-12-10 20:00:00+01:00,2018-12-11 01:15:00+01:00,,,,,5.25
flat_values,2018-12-11 01:45:00+01:00,2018-12-11 05:30:00+01:00,,,,,3.75
flat_values,2018-12-12 06:00:00+01:00,2018-12-12 08:45:00+01:00,,,,,2.75
flat_values,2018-12-12 19:30:00+01:00,2018-12-13 00:45:00+01:00,,,,,5.25
flat_values,2018-12-13 12:45:00+01:00,2018-12-13 14:45:00+01:00,,,,,2.0
flat_values,2018-12-13 20:30:00+01:00,2018-12-13 23:30:00+01:00,,,,,3.0
flat_values,2018-12-15 00:45:00+01:00,2018-12-15 03:15:00+01:00,,,,,2.5
flat_values,2018-12-15 04:30:00+01:00,2018-12-15 06:30:00+01:00,,,,,2.0
flat_values,2018-12-15 12:45:00+01:00,2018-12-15 14:45:00+01:00,,,,,2.0
flat_values,2018-12-15 18:15:00+01:00,2018-12-15 20:45:00+01:00,,,,,2.5
flat_values,2018-12-17 17:45:00+01:00,2018-12-17 20:00:00+01:00,,,,,2.25
flat_values,2018-12-20 03:15:00+01:00,2018-12-20 05:45:00+01:00,,,,,2.5
flat_values,2018-12-20 11:30:00+01:00,2018-12-20 14:00:00+01:00,,,,,2.5
flat_values,2018-12-20 19:45:00+01:00,2018-12-20 21:45:00+01:00,,,,,2.0
flat_values,2018-12-24 05:30:00+01:00,2018-12-24 07:30:00+01:00,,,,,2.0
flat_values,2018-12-24 12:30:00+01:00,2018-12-24 14:30:00+01:00,,,,,2.0
flat_values,2018-12-30 07:45:00+01:00,2018-12-30 09:45:00+01:00,,,,,2.0
flat_values,2018-12-31 23:45:00+01:00,2019-01-01 07:30:00+01:00,,,,,7.75
flat_values,2019-01-02 02:45:00+01:00,2019-01-02 05:15:00+01:00,,,,,2.5
flat_values,2019-01-02 06:45:00+01:00,2019-01-02 09:15:00+01:00,,,,,2.5
flat_values,2019-01-04 18:00:00+01:00,2019-01-04 21:00:00+01:00,,,,,3.0
flat_values,2019-01-06 03:00:00+01:00,2019-01-06 05:30:00+01:00,,,,,2.5
flat_values,2019-01-07 00:45:00+01:00,2019-01-07 03:30:00+01:00,,,,,2.75
flat_values,2019-01-08 06:00:00+01:00,2019-01-08 09:15:00+01:00,,,,,3.25
flat_values,2019-01-09 23:15:00+01:00,2019-01-10 04:30:00+01:00,,,,,5.25
flat_values,2019-01-10 13:00:00+01:00,2019-01-10 15:30:00+01:00,,,,,2.5
flat_values,2019-01-10 19:30:00+01:00,2019-01-10 21:30:00+01:00,,,,,2.0
flat_values,2019-01-11 06:45:00+01:00,2019-01-11 10:00:00+01:00,,,,,3.25
flat_values,2019-01-11 19:00:00+01:00,2019-01-12 03:15:00+01:00,,,,,8.25
flat_values,2019-01-12 11:30:00+01:00,2019-01-12 14:00:00+01:00,,,,,2.5
flat_values,2019-01-13 03:30:00+01:00,2019-01-13 07:30:00+01:00,,,,,4.0
flat_values,2019-01-14 17:30:00+01:00,2019-01-14 22:00:00+01:00,,,,,4.5
flat_values,2019-01-14 23:30:00+01:00,2019-01-15 02:45:00+01:00,,,,,3.25
flat_values,2019-01-15 14:45:00+01:00,2019-01-15 17:00:00+01:00,,,,,2.25
flat_values,2019-01-15 19:30:00+01:00,2019-01-15 23:15:00+01:00,,,,,3.75
flat_values,2019-01-15 23:45:00+01:00,2019-01-16 02:15:00+01:00,,,,,2.5
flat_values,2019-01-16 02:45:00+01:00,2019-01-16 06:00:00+01:00,,,,,3.25
flat_values,2019-01-16 18:00:00+01:00,2019-01-16 20:00:00+01:00,,,,,2.0
flat_values,2019-01-17 00:30:00+01:00,2019-01-17 02:30:00+01:00,,,,,2.0
flat_values,2019-01-17 23:30:00+01:00,2019-01-18 01:45:00+01:00,,,,,2.25
flat_values,2019-01-19 01:00:00+01:00,2019-01-19 06:15:00+01:00,,,,,5.25
flat_values,2019-01-20 02:30:00+01:00,2019-01-20 09:45:00+01:00,,,,,7.25
flat_values,2019-01-20 11:00:00+01:00,2019-01-20 13:00:00+01:00,,,,,2.0
flat_values,2019-01-20 23:45:00+01:00,2019-01-21 02:45:00+01:00,,,,,3.0
flat_values,2019-01-21 11:00:00+01:00,2019-01-21 13:30:00+01:00,,,,,2.5
flat_values,2019-01-22 12:30:00+01:00,2019-01-22 14:30:00+01:00,,,,,2.0
flat_values,2019-01-22 17:30:00+01:00,2019-01-22 20:30:00+01:00,,,,,3.0
flat_values,2019-01-23 04:15:00+01:00,2019-01-23 06:30:00+01:00,,,,,2.25
flat_values,2019-01-23 07:00:00+01:00,2019-01-23 09:00:00+01:00,,,,,2.0
flat_values,2019-01-23 20:30:00+01:00,2019-01-23 22:30:00+01:00,,,,,2.0
flat_values,2019-01-24 03:00:00+01:00,2019-01-24 06:30:00+01:00,,,,,3.5
flat_values,2019-01-24 18:00:00+01:00,2019-01-24 21:15:00+01:00,,,,,3.25
flat_values,2019-01-24 22:30:00+01:00,2019-01-25 02:30:00+01:00,,,,,4.0
flat_values,2019-01-25 03:00:00+01:00,2019-01-25 05:00:00+01:00,,,,,2.0
flat_values,2019-01-25 18:15:00+01:00,2019-01-25 23:00:00+01:00,,,,,4.75
flat_values,2019-01-26 01:00:00+01:00,2019-01-26 03:00:00+01:00,,,,,2.0
flat_values,2019-01-26 03:30:00+01:00,2019-01-26 05:45:00+01:00,,,,,2.25
flat_values,2019-01-26 22:15:00+01:00,2019-01-27 01:00:00+01:00,,,,,2.75
flat_values,2019-01-27 19:30:00+01:00,2019-01-27 21:30:00+01:00,,,,,2.0
flat_values,2019-01-28 07:30:00+01:00,2019-01-28 10:15:00+01:00,,,,,2.75
flat_values,2019-01-28 13:15:00+01:00,2019-01-28 15:45:00+01:00,,,,,2.5
flat_values,2019-01-28 20:00:00+01:00,2019-01-28 23:45:00+01:00,,,,,3.75
flat_values,2019-01-29 04:30:00+01:00,2019-01-29 08:30:00+01:00,,,,,4.0
flat_values,2019-01-29 12:30:00+01:00,2019-01-29 16:00:00+01:00,,,,,3.5
flat_values,2019-01-30 13:45:00+01:00,2019-01-30 16:30:00+01:00,,,,,2.75
flat_values,2019-01-31 03:30:00+01:00,2019-01-31 09:15:00+01:00,,,,,5.75
flat_values,2019-02-01 00:15:00+01:00,2019-02-01 04:15:00+01:00,,,,,4.0
flat_values,2019-02-02 04:00:00+01:00,2019-02-02 06:45:00+01:00,,,,,2.75
flat_values,2019-02-02 21:15:00+01:00,2019-02-03 00:45:00+01:00,,,,,3.5
flat_values,2019-02-03 20:00:00+01:00,2019-02-03 22:45:00+01:00,,,,,2.75
flat_values,2019-02-06 12:15:00+01:00,2019-02-06 14:15:00+01:00,,,,,2.0
flat_values,2019-02-07 07:00:00+01:00,2019-02-07 09:00:00+01:00,,,,,2.0
flat_values,2019-02-07 19:00:00+01:00,2019-02-07 22:00:00+01:00,,,,,3.0
flat_values,2019-02-08 12:00:00+01:00,2019-02-08 14:30:00+01:00,,,,,2.5
flat_values,2019-02-09 22:00:00+01:00,2019-02-10 00:30:00+01:00,,,,,2.5
flat_values,2019-02-10 00:30:00+01:00,2019-02-10 02:30:00+01:00,,,,,2.0
flat_values,2019-02-10 03:45:00+01:00,2019-02-10 06:00:00+01:00,,,,,2.25
flat_values,2019-02-14 23:45:00+01:00,2019-02-15 03:15:00+01:00,,,,,3.5
flat_values,2019-02-15 03:45:00+01:00,2019-02-15 09:00:00+01:00,,,,,5.25
flat_values,2019-02-15 20:30:00+01:00,2019-02-15 22:45:00+01:00,,,,,2.25
flat_values,2019-02-15 23:45:00+01:00,2019-02-16 04:00:00+01:00,,,,,4.25
flat_values,2019-02-16 20:45:00+01:00,2019-02-16 23:00:00+01:00,,,,,2.25
flat_values,2019-02-17 03:45:00+01:00,2019-02-17 06:45:00+01:00,,,,,3.0
flat_values,2019-02-17 20:45:00+01:00,2019-02-18 00:00:00+01:00,,,,,3.25
flat_values,2019-02-23 23:00:00+01:00,2019-02-24 01:00:00+01:00,,,,,2.0
flat_values,2019-02-25 23:00:00+01:00,2019-02-26 03:15:00+01:00,,,,,4.25
flat_values,2019-03-06 05:45:00+01:00,2019-03-06 08:15:00+01:00,,,,,2.5
flat_values,2019-03-06 13:00:00+01:00,2019-03-06 15:45:00+01:00,,,,,2.75
flat_values,2019-03-07 21:45:00+01:00,2019-03-08 02:30:00+01:00,,,,,4.75
flat_values,2019-03-10 04:45:00+01:00,2019-03-10 07:00:00+01:00,,,,,2.25
flat_values,2019-03-10 21:15:00+01:00,2019-03-11 00:00:00+01:00,,,,,2.75
flat_values,2019-03-12 00:45:00+01:00,2019-03-12 05:45:00+01:00,,,,,5.0
flat_values,2019-03-12 20:00:00+01:00,2019-03-12 22:00:00+01:00,,,,,2.0
flat_values,2019-03-15 13:30:00+01:00,2019-03-15 16:15:00+01:00,,,,,2.75
flat_values,2019-03-15 16:45:00+01:00,2019-03-15 19:30:00+01:00,,,,,2.75
flat_values,2019-03-16 05:30:00+01:00,2019-03-16 08:00:00+01:00,,,,,2.5
flat_values,2019-03-16 10:00:00+01:00,2019-03-16 15:00:00+01:00,,,,,5.0
flat_values,2019-03-16 16:15:00+01:00,2019-03-16 22:30:00+01:00,,,,,6.25
flat_values,2019-03-17 05:45:00+01:00,2019-03-17 08:00:00+01:00,,,,,2.25
flat_values,2019-03-17 10:45:00+01:00,2019-03-18 15:15:00+01:00,,,,,28.5
flat_values,2019-03-19 12:45:00+01:00,2019-03-19 15:00:00+01:00,,,,,2.25
flat_values,2019-03-20 22:45:00+01:00,2019-03-21 00:45:00+01:00,,,,,2.0
flat_values,2019-03-21 02:45:00+01:00,2019-03-21 05:00:00+01:00,,,,,2.25
flat_values,2019-03-26 00:15:00+01:00,2019-03-26 02:30:00+01:00,,,,,2.25
flat_values,2019-03-26 22:30:00+01:00,2019-03-27 01:15:00+01:00,,,,,2.75
flat_values,2019-03-30 02:30:00+01:00,2019-03-30 06:00:00+01:00,,,,,3.5
flat_values,2019-03-31 01:45:00+01:00,2019-10-27 02:00:00+01:00,,,,,5040.25
flat_values,2019-10-27 12:00:00+01:00,2019-10-27 14:30:00+01:00,,,,,2.5
flat_values,2019-10-27 22:30:00+01:00,2019-10-28 00:30:00+01:00,,,,,2.0
flat_values,2019-10-28 08:30:00+01:00,2019-10-28 11:15:00+01:00,,,,,2.75
flat_values,2019-10-28 21:30:00+01:00,2019-10-28 23:30:00+01:00,,,,,2.0
flat_values,2019-10-30 00:30:00+01:00,2019-10-30 04:30:00+01:00,,,,,4.0
flat_values,2019-10-30 21:00:00+01:00,2019-10-31 00:15:00+01:00,,,,,3.25
flat_values,2019-11-01 16:15:00+01:00,2019-11-01 18:30:00+01:00,,,,,2.25
flat_values,2019-11-02 03:15:00+01:00,2019-11-02 06:15:00+01:00,,,,,3.0
flat_values,2019-11-03 02:30:00+01:00,2019-11-03 05:00:00+01:00,,,,,2.5
flat_values,2019-11-03 23:15:00+01:00,2019-11-04 01:15:00+01:00,,,,,2.0
flat_slopes,2013-01-17 13:45:00+01:00,2013-02-06 11:00:00+01:00,,,,,477.25
flat_slopes,2014-01-21 13:01:00+01:00,2014-01-28 08:15:00+01:00,,,,,163.23333333333332
flat_slopes,2014-03-24 18:15:00+01:00,2014-03-27 07:00:00+01:00,,,,,60.75
flat_slopes,2014-11-11 02:30:00+01:00,2014-11-17 11:30:00+01:00,,,,,153.0
flat_slopes,2015-01-05 17:45:00+01:00,2015-01-21 10:45:00+01:00,,,,,377.0
flat_slopes,2015-01-26 04:00:00+01:00,2015-01-26 11:00:00+01:00,,,,,7.0
flat_slopes,2015-01-30 21:00:00+01:00,2015-02-02 13:15:00+01:00,,,,,64.25
flat_slopes,2015-11-19 23:30:00+01:00,2015-11-23 11:15:00+01:00,,,,,83.75
flat_slopes,2015-11-24 23:46:00+01:00,2015-11-30 11:16:00+01:00,,,,,131.5
flat_slopes,2015-11-30 17:46:00+01:00,2015-12-04 08:16:00+01:00,,,,,86.5
flat_slopes,2015-12-05 12:46:00+01:00,2015-12-07 11:31:00+01:00,,,,,46.75
flat_slopes,2016-12-04 23:46:00+01:00,2016-12-12 12:01:00+01:00,,,,,180.25
flat_slopes,2016-12-13 13:15:00+01:00,2016-12-19 11:15:00+01:00,,,,,142.0
flat_slopes,2016-12-30 01:30:00+01:00,2017-01-02 11:45:00+01:00,,,,,82.25
flat_slopes,2017-01-06 03:15:00+01:00,2017-01-09 11:45:00+01:00,,,,,80.5
flat_slopes,2017-02-20 17:00:00+01:00,2017-02-28 12:30:00+01:00,,,,,187.5
flat_slopes,2017-03-13 18:00:00+01:00,2017-03-20 11:45:00+01:00,,,,,161.75
flat_slopes,2017-11-06 18:46:00+01:00,2017-11-20 12:31:00+01:00,,,,,329.75
flat_slopes,2017-11-24 13:46:00+01:00,2017-11-27 11:01:00+01:00,,,,,69.25
flat_slopes,2019-03-17 13:30:00+01:00,2019-03-18 12:15:00+01:00,,,,,22.75
